ID,Title,Year,Age,IMDb,Rotten Tomatoes,Directors,Genres,Country,Language,Runtime
4,Back to the Future,1985,7+,8.5,96%,Robert Zemeckis,"Adventure,Comedy,Sci-Fi",United States,English,116.0
12,3 Idiots,2009,13+,8.4,100%,Rajkumar Hirani,"Comedy,Drama",India,"Hindi,English",170.0
15,Monty Python and the Holy Grail,1975,7+,8.2,97%,"Terry Gilliam,Terry Jones","Adventure,Comedy,Fantasy",United Kingdom,"English,French,Latin",91.0
18,Groundhog Day,1993,7+,8.0,96%,Harold Ramis,"Comedy,Fantasy,Romance",United States,"English,French,Italian",101.0
25,Life of Brian,1979,18+,8.1,95%,Terry Jones,Comedy,United Kingdom,"English,Latin",94.0
27,Silver Linings Playbook,2012,18+,7.7,92%,David O. Russell,"Comedy,Drama,Romance",United States,English,122.0
31,Marriage Story,2019,18+,8.0,95%,Noah Baumbach,"Comedy,Drama,Romance","United Kingdom,United States","English,Spanish",137.0
34,Incredibles 2,2018,7+,7.6,94%,Brad Bird,"Animation,Action,Adventure,Comedy,Family,Sci-Fi",United States,English,118.0
36,Klaus,2019,7+,8.2,94%,"Sergio Pablos,Carlos Martínez López","Animation,Adventure,Comedy,Family",Spain,"English,Saami",96.0
40,Ferris Bueller's Day Off,1986,13+,7.8,80%,John Hughes,Comedy,United States,"English,German",103.0
41,Despicable Me,2010,7+,7.6,81%,"Pierre Coffin,Chris Renaud","Animation,Comedy,Family,Fantasy","United States,France",English,95.0
49,Scott Pilgrim vs. the World,2010,13+,7.5,81%,Edgar Wright,"Action,Comedy,Fantasy,Romance","United States,United Kingdom,Canada,Japan",English,112.0
52,The Artist,2011,13+,7.9,95%,Michel Hazanavicius,"Comedy,Drama,Romance","France,Belgium,United States","English,French",100.0
54,Back to the Future Part II,1989,7+,7.8,65%,Robert Zemeckis,"Adventure,Comedy,Sci-Fi",United States,English,108.0
61,Ant-Man and the Wasp,2018,13+,7.1,88%,Peyton Reed,"Action,Adventure,Comedy,Sci-Fi",United States,"English,Spanish",118.0
62,As Good as It Gets,1997,13+,7.7,85%,James L. Brooks,"Comedy,Drama,Romance",United States,English,139.0
63,Back to the Future Part III,1990,7+,7.4,80%,Robert Zemeckis,"Adventure,Comedy,Sci-Fi,Western",United States,English,118.0
66,To All the Boys I've Loved Before,2020,13+,7.2,97%,Susan Johnson,"Comedy,Drama,Romance",United States,English,99.0
74,About Time,2013,18+,7.8,68%,Richard Curtis,"Comedy,Drama,Fantasy,Romance,Sci-Fi",United Kingdom,English,123.0
75,Kung Fu Hustle,2004,18+,7.7,90%,Stephen Chow,"Action,Comedy,Fantasy","Hong Kong,China,United States","Cantonese,Mandarin",99.0
78,The Naked Gun: From the Files of Police Squad!,1988,13+,7.6,87%,David Zucker,"Comedy,Crime",United States,English,85.0
80,The Edge of Seventeen,2016,18+,7.3,94%,Kelly Fremon Craig,"Comedy,Drama","United States,China",English,104.0
83,Tucker and Dale vs. Evil,2010,18+,7.5,85%,Eli Craig,"Comedy,Horror","Canada,United States,India",English,89.0
85,The Two Popes,2019,13+,7.6,89%,Fernando Meirelles,"Comedy,Drama","United Kingdom,Italy","English,Spanish,Italian,Latin,Portuguese,French,German",125.0
91,Dolemite Is My Name,2019,18+,7.3,97%,Craig Brewer,"Biography,Comedy,Drama",United States,English,118.0
96,Saving Mr. Banks,2013,13+,7.5,79%,John Lee Hancock,"Biography,Comedy,Drama","United States,United Kingdom,Australia",English,125.0
100,Jerry Maguire,1996,18+,7.3,83%,Cameron Crowe,"Comedy,Drama,Romance,Sport",United States,"English,American Sign Language",139.0
101,The Death of Stalin,2017,18+,7.2,96%,Armando Iannucci,"Comedy,Drama,History","United Kingdom,France,Belgium,Canada,United States",English,107.0
105,Ralph Breaks the Internet,2018,7+,7.1,88%,"Phil Johnston,Rich Moore","Animation,Adventure,Comedy,Family,Fantasy",United States,English,112.0
109,The Spectacular Now,2013,18+,7.1,91%,James Ponsoldt,"Comedy,Drama,Romance",United States,English,95.0
112,PK,2014,13+,8.1,76%,Rajkumar Hirani,"Comedy,Drama,Fantasy",India,"Hindi,English,Urdu,Persian,Kurdish",153.0
114,The Lobster,2015,18+,7.2,87%,Yorgos Lanthimos,"Comedy,Drama,Romance,Sci-Fi,Thriller","Ireland,United Kingdom,Greece,France,Netherlands,United States","English,French,Greek",119.0
116,Zindagi Na Milegi Dobara,2011,7+,8.1,91%,Zoya Akhtar,"Comedy,Drama",India,"Hindi,Japanese,Spanish,English",155.0
118,Kung Fu Panda 2,2011,7+,7.2,81%,Jennifer Yuh Nelson,"Animation,Action,Adventure,Comedy,Family,Fantasy",United States,English,90.0
119,The Ballad of Buster Scruggs,2018,18+,7.3,91%,"Ethan Coen,Joel Coen","Comedy,Drama,Musical,Mystery,Romance,Western",United States,"English,French",133.0
123,Bolt,2008,7+,6.8,89%,"Byron Howard,Chris Williams","Animation,Adventure,Comedy,Drama,Family",United States,English,96.0
125,Chasing Amy,1997,18+,7.2,87%,Kevin Smith,"Comedy,Drama,Romance",United States,English,113.0
126,The Princess and the Frog,2009,all,7.1,85%,"Ron Clements,John Musker","Animation,Adventure,Comedy,Family,Fantasy,Musical,Romance",United States,"English,French",97.0
127,Bad Genius,2017,13+,7.6,100%,Nattawut Poonpiriya,"Comedy,Crime,Drama,Thriller",Thailand,"Thai,English",130.0
131,The Squid and the Whale,2005,18+,7.3,92%,Noah Baumbach,"Comedy,Drama",United States,English,81.0
132,My Life as a Zucchini,2016,13+,7.8,99%,Claude Barras,"Animation,Comedy,Drama,Family","Switzerland,France","French,English",66.0
134,Barfi!,2012,all,8.1,86%,Anurag Basu,"Comedy,Drama,Romance",India,Hindi,151.0
135,Frances Ha,2013,18+,7.5,92%,Noah Baumbach,"Comedy,Drama,Romance",United States,"French,English",86.0
136,Tootsie,1982,7+,7.4,90%,Sydney Pollack,"Comedy,Drama,Romance",United States,English,116.0
139,Tremors,1990,13+,7.1,88%,Ron Underwood,"Comedy,Horror",United States,English,96.0
140,The Croods,2013,7+,7.2,71%,"Kirk DeMicco,Chris Sanders","Animation,Action,Adventure,Comedy,Family,Fantasy",United States,English,98.0
142,Bill Burr: I'm Sorry You Feel That Way,2014,18+,8.4,100%,Jay Karas,Comedy,United States,English,80.0
145,Austin Powers: International Man of Mystery,1997,13+,7.0,71%,Jay Roach,"Adventure,Comedy",United States,English,94.0
156,Padman,2018,13+,7.9,100%,R. Balki,"Comedy,Drama",India,Hindi,140.0
160,Christopher Robin,2018,7+,7.3,73%,Marc Forster,"Comedy,Drama,Family,Fantasy","United Kingdom,United States",English,104.0
168,A Serious Man,2009,18+,7.0,90%,"Ethan Coen,Joel Coen","Comedy,Drama","United States,United Kingdom,France","English,Yiddish,Hebrew",106.0
176,Charlie and the Chocolate Factory,2005,7+,6.6,82%,Tim Burton,"Adventure,Comedy,Family,Fantasy,Musical","United Kingdom,United States",English,115.0
179,The Mask of Zorro,1998,13+,6.7,82%,Martin Campbell,"Action,Adventure,Comedy,Romance,Thriller,Western","United States,Germany,Mexico",English,136.0
182,Arthur Christmas,2011,7+,7.1,92%,"Sarah Smith,Barry Cook","Animation,Adventure,Comedy,Family,Fantasy","United Kingdom,United States",English,97.0
185,Always Be My Maybe,2019,13+,6.8,89%,Nahnatchka Khan,"Comedy,Romance",United States,English,101.0
191,The Other Guys,2010,13+,6.6,78%,Adam McKay,"Action,Comedy,Crime",United States,"English,Ukrainian",107.0
192,Kapoor & Sons,2016,13+,7.7,100%,Shakun Batra,"Comedy,Drama,Romance",India,Hindi,132.0
194,The Fundamentals of Caring,2016,18+,7.3,77%,Rob Burnett,"Comedy,Drama",United States,English,97.0
196,Bill Burr: Paper Tiger,2019,18+,8.2,86%,Mike Binder,Comedy,"United States,United Kingdom",English,67.0
197,Bad Boys,1995,18+,6.9,43%,Michael Bay,"Action,Comedy,Crime,Thriller",United States,English,119.0
207,20th Century Women,2016,18+,7.3,88%,Mike Mills,"Comedy,Drama",United States,English,119.0
208,Kal Ho Naa Ho,2003,all,8.0,70%,Nikkhil Advani,"Comedy,Drama,Romance",India,Hindi,186.0
209,Swiss Army Man,2016,18+,7.0,71%,"Dan Kwan,Daniel Scheinert","Comedy,Drama,Fantasy,Romance","United States,Sweden",English,97.0
214,The Secret Life of Pets 2,2019,7+,6.5,60%,"Chris Renaud,Jonathan del Val","Animation,Adventure,Comedy,Family","United States,France,Japan",English,86.0
215,Hitch,2005,13+,6.6,68%,Andy Tennant,"Comedy,Romance",United States,English,118.0
222,I Don't Feel at Home in This World Anymore,2017,18+,6.9,88%,Macon Blair,"Comedy,Crime,Drama,Thriller",United States,English,93.0
229,Mary Poppins Returns,2018,7+,6.7,79%,Rob Marshall,"Comedy,Family,Fantasy,Musical","United States,United Kingdom",English,130.0
234,Stree,2018,7+,7.6,77%,Amar Kaushik,"Comedy,Horror",India,Hindi,128.0
238,The Hundred-Foot Journey,2014,7+,7.3,67%,Lasse Hallström,"Comedy,Drama","United States,India,United Arab Emirates","English,French",122.0
240,Scooby-Doo on Zombie Island,1998,all,7.8,86%,"Hiroshi Aoyama,Kazumi Fukushima,Jim Stenstrum","Animation,Adventure,Comedy,Family,Fantasy,Mystery",United States,English,77.0
243,The One I Love,2014,18+,7.1,82%,Charlie McDowell,"Comedy,Drama,Sci-Fi",United States,English,91.0
245,The Death of Mr. Lazarescu,2005,18+,7.9,93%,Cristi Puiu,"Comedy,Drama",Romania,Romanian,153.0
246,Madagascar: Escape 2 Africa,2008,7+,6.6,64%,"Eric Darnell,Tom McGrath","Animation,Adventure,Comedy,Family",United States,"English,Italian",89.0
249,The Willoughbys,2020,7+,6.4,90%,"Kris Pearn,Cory Evans,Rob Lodermeier","Animation,Adventure,Comedy,Family","Canada,United States,United Kingdom",English,90.0
253,Richard Pryor: Live in Concert,1979,18+,8.2,92%,Jeff Margolis,Comedy,United States,English,78.0
254,Austin Powers: The Spy Who Shagged Me,1999,13+,6.6,52%,Jay Roach,"Action,Adventure,Comedy,Crime",United States,"English,German",95.0
255,Get Him to the Greek,2010,18+,6.4,72%,Nicholas Stoller,"Comedy,Music",United States,English,109.0
257,The Meyerowitz Stories (New and Selected),2017,18+,6.9,93%,Noah Baumbach,"Comedy,Drama",United States,English,112.0
270,Yes Man,2008,13+,6.8,46%,Peyton Reed,"Comedy,Romance","United States,United Kingdom","English,Korean,Estonian",104.0
272,Goon,2012,18+,6.8,81%,Michael Dowse,"Comedy,Drama,Sport","United States,Canada","English,French",92.0
273,Ace Ventura: Pet Detective,1994,13+,6.9,48%,Tom Shadyac,Comedy,United States,English,86.0
276,Dave Chappelle: Sticks & Stones,2019,18+,8.5,35%,Stan Lathan,Comedy,United States,English,65.0
277,John Mulaney: Kid Gorgeous at Radio City,2018,18+,7.9,100%,Alex Timbers,Comedy,United States,English,65.0
282,The Polar Express,2004,all,6.6,56%,Robert Zemeckis,"Animation,Adventure,Comedy,Family,Fantasy,Musical",United States,English,100.0
286,Hey Arnold! The Jungle Movie,2017,7+,7.6,100%,"Raymie Muzquiz,Stu Livingston","Animation,Adventure,Comedy,Family,Fantasy","United States,South Korea,Japan","English,Korean",81.0
287,Zack and Miri Make a Porno,2008,18+,6.5,65%,Kevin Smith,"Comedy,Romance",United States,English,101.0
293,A Shaun the Sheep Movie: Farmageddon,2019,all,6.9,97%,"Will Becher,Richard Phelan","Animation,Adventure,Comedy,Family,Fantasy,Sci-Fi","United Kingdom,France,Belgium,United States",English,86.0
294,April and the Extraordinary World,2015,7+,7.3,96%,"Christian Desmares,Franck Ekinci","Animation,Adventure,Comedy,Drama,Family,Mystery,Sci-Fi,Thriller","France,Canada,Belgium",French,105.0
302,Louis C.K. 2017,2017,18+,7.6,100%,Louis C.K.,Comedy,United States,English,74.0
310,"Hail, Caesar!",2016,13+,6.3,85%,"Ethan Coen,Joel Coen","Comedy,Drama,Music,Mystery","United States,United Kingdom,Japan",English,106.0
314,The Angry Birds Movie 2,2019,7+,6.4,73%,"Thurop Van Orman,John Rice","Animation,Adventure,Comedy,Family","Finland,United States",English,97.0
315,Obvious Child,2014,18+,6.8,90%,Gillian Robespierre,"Comedy,Drama,Romance",United States,English,84.0
321,Wadjda,2012,7+,7.5,99%,Haifaa Al-Mansour,"Comedy,Drama","Saudi Arabia,Netherlands,Germany,Jordan,United Arab Emirates,United States",Arabic,98.0
323,The Christmas Chronicles,2018,7+,7.1,64%,Clay Kaytis,"Adventure,Comedy,Family,Fantasy",United States,"English,Spanish,French,Romanian",104.0
324,Turbo,2013,7+,6.4,67%,David Soren,"Animation,Adventure,Comedy,Family,Sci-Fi,Sport",United States,English,96.0
325,My Girl,1991,7+,6.9,53%,Howard Zieff,"Comedy,Drama,Family,Romance",United States,English,102.0
327,Adam Sandler: 100% Fresh,2018,18+,7.6,92%,"Steven Brill,Nicholaus Goossen","Comedy,Music",United States,English,73.0
331,Paddleton,2019,18+,7.2,89%,Alex Lehmann,"Comedy,Drama",United States,English,89.0
332,Bad Boys II,2003,18+,6.6,23%,Michael Bay,"Action,Comedy,Crime,Thriller",United States,"English,Spanish,Russian",147.0
333,Sour Grapes,2016,16+,7.3,96%,Larry David,Comedy,United States,English,91.0
341,The Interview,2014,18+,6.5,52%,"Evan Goldberg,Seth Rogen","Action,Adventure,Comedy",United States,"English,Korean",112.0
353,Up in Smoke,1978,18+,7.0,50%,"Lou Adler,Tommy Chong","Comedy,Music",United States,"English,Spanish",86.0
363,Dear Ex,2018,18+,7.4,89%,"Chih-Yen Hsu,Mag Hsu","Comedy,Drama,Romance",Taiwan,Mandarin,100.0
365,Veronica,2017,18+,6.2,88%,"Elizabeth Banks,Steven Brill,Steve Carr,Rusty Cundieff,James Duffy,Griffin Dunne,Peter Farrelly,Patrik Forsberg,Will Graham,James Gunn,Brett Ratner,Jonathan van Tulleken,Bob Odenkirk",Comedy,United States,English,94.0
367,Instructions Not Included,2013,13+,7.5,57%,Eugenio Derbez,"Comedy,Drama",Mexico,"Spanish,English",115.0
370,The Naked Gun 2½: The Smell of Fear,1991,13+,6.9,57%,David Zucker,"Comedy,Crime",United States,"Spanish,English",85.0
377,"Love, Rosie",2014,18+,7.2,33%,Christian Ditter,"Comedy,Romance","Germany,United Kingdom",English,102.0
385,The Babysitter,2017,18+,6.3,71%,McG,"Comedy,Horror",United States,English,85.0
388,Click,2006,13+,6.4,33%,Frank Coraci,"Comedy,Drama,Fantasy,Romance",United States,"English,Portuguese,Japanese",107.0
392,Mune: Guardian of the Moon,2015,7+,7.2,80%,"Alexandre Heboyan,Benoît Philippon","Animation,Adventure,Comedy,Family,Fantasy",France,"French,English",85.0
394,How the Grinch Stole Christmas,2000,7+,6.2,50%,Ron Howard,"Comedy,Family,Fantasy","United States,Germany",English,104.0
397,The Sapphires,2012,13+,7.0,91%,Wayne Blair,"Biography,Comedy,Drama,Music,Romance",Australia,"English,Aboriginal",103.0
401,Alex Strangelove,2018,18+,6.3,86%,Craig Johnson,"Comedy,Drama,Romance",United States,English,99.0
402,She's Out of My League,2010,18+,6.4,58%,Jim Field Smith,"Comedy,Romance",United States,"English,Ukrainian",104.0
407,6 Underground,2019,18+,6.1,36%,Michael Bay,"Action,Comedy,Thriller",United States,"English,Turkmen,Cantonese,Italian,Spanish,Ukrainian,French",128.0
414,Hotel Transylvania 3: Summer Vacation,2018,7+,6.3,62%,Genndy Tartakovsky,"Animation,Adventure,Comedy,Family,Fantasy","United States,South Korea","English,Spanish,German,Russian",97.0
426,Next Gen,2018,7+,6.6,80%,"Kevin R. Adams,Joe Ksander,Ricardo Curtis","Animation,Action,Adventure,Comedy,Family,Sci-Fi","China,Canada,United States","English,Mandarin",106.0
431,Om Shanti Om,2007,7+,6.7,76%,Farah Khan,"Action,Comedy,Drama,Musical,Romance,Thriller",India,"Hindi,Urdu",162.0
439,Austin Powers in Goldmember,2002,13+,6.2,54%,Jay Roach,"Action,Adventure,Comedy,Crime",United States,"English,Japanese,German,French",94.0
440,He Never Died,2015,18+,6.4,87%,Jason Krawczyk,"Comedy,Drama,Fantasy,Horror,Thriller",Canada,English,99.0
442,Ali's Wedding,2017,18+,6.9,92%,Jeffrey Walker,"Comedy,Drama,Romance",Australia,"English,Persian,Arabic",110.0
444,Mississippi Grind,2015,18+,6.4,91%,"Anna Boden,Ryan Fleck","Comedy,Drama",United States,English,108.0
448,Young Adult,2011,18+,6.2,80%,Jason Reitman,"Comedy,Drama",United States,English,94.0
451,The Dirt,2019,18+,7.0,42%,Jeff Tremaine,"Biography,Comedy,Drama,Music",United States,English,107.0
452,Killer Klowns from Outer Space,1988,13+,6.2,78%,Stephen Chiodo,"Comedy,Horror,Sci-Fi",United States,English,88.0
454,Spenser Confidential,2020,18+,6.2,38%,Peter Berg,"Action,Comedy,Crime,Drama,Thriller",United States,English,111.0
456,While We're Young,2014,18+,6.3,84%,Noah Baumbach,"Comedy,Drama,Mystery",United States,English,97.0
459,Bathtubs Over Broadway,2018,13+,7.5,100%,Dava Whisenant,"Documentary,Comedy,Music",United States,English,87.0
465,The Half of It,2020,13+,7.0,95%,Alice Wu,"Comedy,Romance",United States,"Spanish,Hindi,English,Mandarin,French",104.0
467,Sleeping with Other People,2015,18+,6.5,64%,Leslye Headland,"Comedy,Drama,Romance",United States,English,101.0
473,Just Friends,2005,13+,6.2,42%,Roger Kumble,"Comedy,Romance","Germany,United States,Canada",English,96.0
476,The Grinch,2018,7+,6.3,59%,Ron Howard,"Comedy,Family,Fantasy","United States,Germany",English,104.0
488,Kevin Hart: Laugh at My Pain,2011,18+,7.4,71%,"Leslie Small,Tim Story","Documentary,Comedy",United States,English,89.0
490,Hot Rod,2007,13+,6.7,39%,Akiva Schaffer,"Comedy,Sport",United States,English,88.0
491,Bee Movie,2007,7+,6.1,50%,"Simon J. Smith,Steve Hickner","Animation,Adventure,Comedy,Family","United States,Australia",English,91.0
494,He's Just Not That Into You,2009,13+,6.4,41%,Ken Kwapis,"Comedy,Drama,Romance","Germany,United States",English,129.0
496,Bandits,2001,13+,6.5,64%,Barry Levinson,"Comedy,Crime,Drama,Romance",United States,English,123.0
504,Rocko's Modern Life: Static Cling,2019,7+,7.0,91%,"Joe Murray,Cosmo Segurson","Animation,Action,Adventure,Comedy,Family",United States,English,45.0
507,Stuart Little,1999,7+,5.9,67%,Rob Minkoff,"Adventure,Comedy,Family,Fantasy","Germany,United States","English,Dutch",84.0
509,The World Is Yours,2018,18+,6.4,100%,Romain Gavras,"Comedy,Crime",France,"French,English,Spanish,Arabic",102.0
521,Bon Cop Bad Cop,2006,13+,6.8,78%,Erik Canuel,"Action,Comedy,Crime,Thriller",Canada,"English,French",116.0
522,Melvin Goes to Dinner,2003,18+,6.8,100%,Bob Odenkirk,"Comedy,Drama,Romance",United States,English,83.0
535,Jimmy Neutron: Boy Genius,2001,all,6.0,74%,John A. Davis,"Animation,Action,Adventure,Comedy,Family,Sci-Fi",United States,English,82.0
537,I Am Kalam,2010,all,8.0,80%,Nila Madhab Panda,"Comedy,Drama,Family",India,Hindi,88.0
538,PEEPLI [Live],2010,7+,7.4,85%,"Anusha Rizvi,Mahmood Farooqui","Comedy,Drama",India,"Hindi,English",95.0
550,Can't Hardly Wait,1998,13+,6.5,42%,"Harry Elfont,Deborah Kaplan","Comedy,Romance",United States,English,100.0
551,The Confirmation,2016,13+,6.4,91%,Bob Nelson,"Comedy,Drama",Canada,English,101.0
552,The First Wives Club,1996,7+,6.4,50%,Hugh Wilson,Comedy,United States,English,103.0
554,Free Fire,2017,18+,6.4,68%,Ben Wheatley,"Action,Comedy,Crime,Thriller",United Kingdom,English,91.0
555,Life As We Know It,2010,13+,6.5,29%,Greg Berlanti,"Comedy,Drama,Romance",United States,English,114.0
556,To All the Boys: P.S. I Still Love You,2020,16+,6.0,75%,Michael Fimognari,"Comedy,Romance",United States,English,101.0
566,Open Season,2006,7+,6.1,48%,"Roger Allers,Jill Culton,Anthony Stacchi","Animation,Adventure,Comedy,Family,Fantasy",United States,English,86.0
571,Kate & Leopold,2001,13+,6.4,50%,James Mangold,"Comedy,Fantasy,Romance",United States,"English,French",118.0
576,The Money Pit,1986,7+,6.4,48%,Richard Benjamin,Comedy,United States,"English,Spanish,Chinese,Russian,Portuguese",91.0
580,Mr. Church,2016,13+,7.6,24%,Bruce Beresford,"Comedy,Drama",United States,English,104.0
581,Murder Mystery,2019,13+,6.0,44%,Kyle Newacheck,"Action,Comedy,Crime,Mystery,Romance",United States,"English,French",97.0
585,The Invention of Lying,2009,13+,6.4,56%,"Ricky Gervais,Matthew Robinson","Comedy,Fantasy,Romance",United States,English,100.0
591,Laggies,2014,18+,6.4,65%,Lynn Shelton,"Comedy,Drama,Romance",United States,English,99.0
594,Eddie Murphy: Delirious,1983,18+,8.2,83%,Bruce Gowers,Comedy,United States,English,69.0
597,Cookie's Fortune,1999,13+,6.8,86%,Robert Altman,"Comedy,Drama",United States,English,118.0
602,Mr. Right,2016,18+,6.3,44%,Paco Cabezas,"Action,Comedy,Romance",United States,English,95.0
603,Tamasha,2015,7+,7.3,67%,Imtiaz Ali,"Comedy,Drama,Romance",India,Hindi,139.0
605,Quartet,2012,13+,6.8,80%,Dustin Hoffman,"Comedy,Drama",United Kingdom,"English,Italian,Polish,French",98.0
611,Evolution,2001,13+,6.1,43%,Ivan Reitman,"Comedy,Sci-Fi",United States,English,101.0
616,Rugrats in Paris: The Movie,2000,all,6.1,76%,"Stig Bergqvist,Paul Demeyer","Animation,Adventure,Comedy,Family,Romance","Germany,United States","English,French",78.0
633,Nappily Ever After,2018,18+,6.4,71%,Haifaa Al-Mansour,"Comedy,Drama,Romance",United States,English,98.0
635,"To Wong Foo, Thanks for Everything! Julie Newmar",1995,13+,6.6,41%,Beeban Kidron,"Comedy,Drama",United States,"English,French,Italian",109.0
638,A Futile and Stupid Gesture,2018,18+,6.8,61%,David Wain,"Biography,Comedy",United States,English,101.0
639,The Green Hornet,2011,13+,5.8,44%,Michel Gondry,"Action,Comedy",United States,"English,Mandarin",119.0
644,Between Two Ferns: The Movie,2019,18+,6.1,77%,Scott Aukerman,Comedy,United States,English,82.0
648,Mr. Roosevelt,2017,18+,6.2,100%,Noël Wells,Comedy,United States,English,90.0
652,When We First Met,2018,16+,6.4,56%,Ari Sandel,"Comedy,Fantasy,Romance",United States,"English,Mandarin",97.0
655,Trailer Park Boys: The Movie,2006,18+,7.2,57%,Mike Clattenburg,"Comedy,Crime",Canada,English,95.0
660,Jagga Jasoos,2017,7+,6.5,90%,Anurag Basu,"Action,Adventure,Comedy,Musical,Mystery",India,Hindi,161.0
661,The Perfect Date,2019,16+,5.8,65%,Chris Nelson,"Comedy,Romance",United States,English,89.0
665,Let It Snow,2019,13+,5.8,81%,Luke Snellin,"Comedy,Romance",United States,English,92.0
666,Middle School: The Worst Years of My Life,2016,7+,6.1,63%,Steve Carr,"Comedy,Family","United States,Cambodia","English,Khmer",92.0
667,The Little Hours,2017,18+,5.8,78%,Jeff Baena,"Comedy,Romance",Canada,English,90.0
677,Stuart Little 2,2002,all,5.4,81%,Rob Minkoff,"Animation,Adventure,Comedy,Family,Fantasy",United States,English,77.0
683,Pee-wee's Big Holiday,2016,7+,6.1,80%,John Lee,"Comedy,Family",United States,"English,Spanish",90.0
696,Chris Rock: Tamborine,2018,18+,6.5,100%,Bo Burnham,Comedy,United States,English,64.0
702,Mirror Mirror,2012,7+,5.6,50%,Tarsem Singh,"Adventure,Comedy,Drama,Family,Fantasy","United States,Canada",English,106.0
703,Hasee Toh Phasee,2014,13+,6.8,80%,Vinil Mathew,"Comedy,Romance",India,"Hindi,English,Chinese,Spanish",141.0
707,Wish I Was Here,2014,18+,6.7,46%,Zach Braff,"Comedy,Drama",United States,English,106.0
708,Lu Over the Wall,2017,7+,6.8,76%,Masaaki Yuasa,"Animation,Adventure,Comedy,Family,Fantasy,Music",Japan,Japanese,112.0
710,Comedian,2002,18+,6.9,76%,Christian Charles,"Documentary,Comedy",United States,English,82.0
715,The Kissing Booth,2018,16+,6.1,17%,Vince Marcello,"Comedy,Romance","United Kingdom,United States",English,105.0
716,Horns,2013,18+,6.5,41%,Alexandre Aja,"Comedy,Crime,Drama,Fantasy,Mystery,Thriller","United States,Canada",English,120.0
725,Chicken Little,2005,all,5.7,37%,Mark Dindal,"Animation,Adventure,Comedy,Family,Fantasy,Sci-Fi",United States,English,81.0
726,Kicking and Screaming,1995,18+,6.8,57%,Jesse Dylan,"Comedy,Family,Romance,Sport",United States,"English,Italian",95.0
730,Kevin Hart: Let Me Explain,2013,18+,6.8,61%,"Leslie Small,Tim Story","Documentary,Comedy",United States,English,75.0
731,Fun with Dick and Jane,2005,13+,6.2,28%,Dean Parisot,"Comedy,Crime",United States,"English,Spanish",90.0
732,Seoul Searching,2015,18+,7.1,75%,Benson Lee,"Comedy,Drama,Music,Romance","South Korea,China,United States","English,Korean,German",105.0
737,Johnny English Reborn,2011,7+,6.3,38%,Oliver Parker,"Action,Adventure,Comedy,Crime","United Kingdom,France,United States","English,Mandarin,Swiss German,Cantonese,Russian",101.0
739,Dil Dhadakne Do,2015,13+,6.8,64%,Zoya Akhtar,"Comedy,Drama,Romance",India,Hindi,170.0
741,Morris from America,2016,18+,6.2,88%,Chad Hartigan,"Comedy,Drama,Romance","Germany,United States","German,English",91.0
749,All About Nina,2018,18+,6.0,86%,Eva Vives,"Comedy,Drama,Romance",United States,English,97.0
750,Heartbreakers,2001,13+,6.2,53%,David Mirkin,"Comedy,Crime,Romance",United States,"English,Russian",123.0
752,Kevin Hart: What Now?,2016,18+,5.9,76%,"Leslie Small,Tim Story","Documentary,Comedy",United States,English,96.0
753,"Michael Bolton's Big, Sexy Valentine's Day Special",2017,18+,6.7,100%,"Scott Aukerman,Akiva Schaffer","Comedy,Music,Musical,Romance",United States,English,54.0
767,Sierra Burgess Is a Loser,2018,13+,5.8,66%,Ian Samuels,"Comedy,Drama,Romance",United States,English,105.0
769,Cult of Chucky,2017,18+,5.2,78%,Don Mancini,"Comedy,Fantasy,Horror,Thriller",United States,English,91.0
770,Tremors 2: Aftershocks,1996,13+,6.0,63%,S.S. Wilson,"Action,Comedy,Horror,Sci-Fi,Thriller",United States,"English,Spanish",100.0
772,Invader ZIM: Enter the Florpus,2019,7+,7.5,100%,"Hae Young Jung,Young Kyun Park,Jhonen Vasquez","Animation,Action,Adventure,Comedy,Family,Sci-Fi","South Korea,United States","English,Korean",71.0
781,Win It All,2017,18+,6.2,85%,Joe Swanberg,Comedy,United States,English,88.0
784,Nacho Libre,2006,7+,5.7,39%,Jared Hess,"Comedy,Family,Sport","United States,Mexico","English,Spanish",92.0
789,Dinner for Schmucks,2010,13+,5.9,41%,Jay Roach,Comedy,United States,English,114.0
791,School Daze,1988,18+,6.0,58%,Spike Lee,"Comedy,Drama,Musical",United States,English,121.0
792,The Knight Before Christmas,2019,7+,5.5,75%,Monika Mitchell,"Adventure,Comedy,Drama,Fantasy,Romance",United States,English,92.0
797,Khoobsurat,2014,7+,6.4,80%,Shashanka Ghosh,"Comedy,Romance",India,Hindi,130.0
813,Maps to the Stars,2014,18+,6.2,61%,David Cronenberg,"Comedy,Drama","Canada,Germany,France,United States",English,111.0
815,Looney Tunes: Back in Action,2003,7+,5.7,56%,"Joe Dante,Eric Goldberg","Animation,Adventure,Comedy,Family,Fantasy,Sci-Fi","Germany,United States",English,93.0
817,A Christmas Prince,2017,7+,5.7,73%,Alex Zamm,"Comedy,Family,Romance",United States,English,92.0
821,"Faith, Hope & Love",2019,7+,6.1,80%,"J.J. Englert,Robert Krantz","Comedy,Romance",United States,English,106.0
828,Lez Bomb,2018,18+,5.0,89%,Jenna Laurenzo,"Comedy,Drama",United States,English,90.0
832,What a Girl Wants,2003,7+,5.8,35%,Dennie Gordon,"Comedy,Drama,Family,Romance","United States,United Kingdom",English,105.0
833,Candy Jar,2018,13+,5.8,71%,Ben Shelton,Comedy,United States,English,92.0
840,A Night at the Roxbury,1998,13+,6.3,11%,John Fortenberry,"Comedy,Music,Romance",United States,English,82.0
843,Song for Marion,2012,13+,7.0,65%,Paul Andrew Williams,"Comedy,Drama,Music,Romance","United Kingdom,Germany",English,90.0
845,The Laundromat,2019,18+,6.3,42%,Steven Soderbergh,"Comedy,Crime,Drama,History",United States,"English,Mandarin,Spanish,Russian",95.0
861,The Rugrats Movie,1998,all,5.9,59%,"Igor Kovalyov,Norton Virgien","Animation,Adventure,Comedy,Drama,Family,Musical",United States,English,79.0
864,Hit & Run,2012,18+,6.1,48%,"David Palmer,Dax Shepard","Action,Comedy",United States,English,100.0
868,Ali Wong: Hard Knock Wife,2018,18+,7.4,100%,Jay Karas,Comedy,United States,English,64.0
873,68 Kill,2018,18+,6.0,70%,Trent Haaga,"Comedy,Crime,Romance,Thriller",United States,English,93.0
883,40 Days and 40 Nights,2002,18+,5.6,39%,Michael Lehmann,"Comedy,Romance","United States,United Kingdom,France",English,96.0
885,Hannibal Buress: Comedy Camisado,2016,18+,6.6,100%,Lance Bangs,Comedy,United States,English,83.0
898,Little Monsters,1989,7+,6.1,50%,Abe Forsythe,"Comedy,Horror","United Kingdom,Australia,United States",English,93.0
902,2 States,2014,7+,6.9,44%,Abhishek Varman,"Comedy,Drama,Romance",India,Hindi,149.0
903,The Rum Diary,2011,18+,6.2,51%,Bruce Robinson,"Comedy,Drama","United States,United Kingdom","English,Spanish,German",119.0
909,EMO the Musical,2017,16+,6.1,75%,Neil Triffett,"Comedy,Music,Musical",Australia,English,94.0
921,Paheli,2005,13+,6.5,57%,Amol Palekar,"Comedy,Drama,Fantasy,Musical,Romance",India,Hindi,140.0
922,The Lonely Island Presents: The Unauthorized Bash Brothers Experience,2019,18+,7.0,100%,"Mike Diva,Akiva Schaffer","Short,Comedy,Music,Sport",United States,English,30.0
923,Someone Great,2019,18+,6.2,83%,Jennifer Kaytin Robinson,"Comedy,Romance",United States,English,92.0
927,My Suicide,2009,18+,7.2,57%,David Lee Miller,"Comedy,Drama",United States,English,107.0
931,A Bad Moms Christmas,2017,18+,5.6,31%,"Jon Lucas,Scott Moore",Comedy,"United States,China","English,Japanese",104.0
932,Scary Movie 2,2001,18+,5.3,15%,Keenen Ivory Wayans,"Comedy,Horror","United States,Canada",English,83.0
933,Failure to Launch,2006,13+,5.6,24%,Tom Dey,"Comedy,Romance",United States,English,97.0
943,Chennai Express,2013,13+,6.0,47%,Rohit Shetty,"Action,Comedy",India,"Hindi,Tamil,English,Marathi",141.0
947,Popeye,1980,7+,5.3,59%,Robert Altman,"Adventure,Comedy,Family,Fantasy,Musical,Romance",United States,English,114.0
949,Get Santa,2014,7+,6.2,79%,Christopher Smith,"Comedy,Family","United Kingdom,United States",English,102.0
950,Like Father,2018,18+,6.1,49%,Lauren Miller Rogen,"Comedy,Drama",United States,English,98.0
951,War Machine,2017,18+,6.0,48%,David Michôd,"Comedy,Drama,War",United States,"English,Pushto",122.0
952,Deidra & Laney Rob a Train,2017,16+,6.1,91%,Sydney Freeland,"Comedy,Crime,Drama",United States,English,92.0
954,Falling Inn Love,2019,7+,5.6,61%,Roger Kumble,"Comedy,Romance",United States,English,98.0
955,The Bounty Hunter,2010,13+,5.6,12%,Andy Tennant,"Action,Comedy,Romance",United States,"English,Ukrainian",110.0
957,Guess Who,2005,13+,5.9,42%,Kevin Rodney Sullivan,"Comedy,Romance",United States,English,105.0
962,Initial D,2005,7+,6.4,33%,"Andrew Lau,Alan Mak,Ralph Rieckermann","Action,Comedy,Drama,Romance","China,Hong Kong","Cantonese,English",107.0
966,Valentine's Day,2010,13+,5.7,18%,Garry Marshall,"Comedy,Romance",United States,"English,Spanish,Russian,Italian",125.0
970,How to Be a Latin Lover,2017,13+,5.9,39%,Ken Marino,"Comedy,Drama","Mexico,United States","English,Spanish",115.0
973,Ghosts of Girlfriends Past,2009,13+,5.8,27%,Mark Waters,"Comedy,Fantasy,Romance",United States,"English,Japanese,Chinese,Spanish",115.0
975,War on Everyone,2016,18+,5.8,61%,John Michael McDonagh,"Action,Comedy,Crime",United Kingdom,"English,Spanish",98.0
979,The Last Days of Chez Nous,1992,18+,6.6,85%,Gillian Armstrong,"Comedy,Drama,Romance",Australia,English,93.0
991,Goosebumps 2: Haunted Halloween,2018,7+,5.6,48%,Ari Sandel,"Adventure,Comedy,Family,Fantasy,Horror","United States,United Kingdom",English,90.0
997,Kevin Hart: Irresponsible,2019,18+,6.4,100%,Leslie Small,Comedy,United States,English,60.0
999,The Bad Education Movie,2015,13+,5.7,63%,Elliot Hegarty,Comedy,United Kingdom,English,90.0
1008,Results,2015,18+,5.4,84%,Andrew Bujalski,"Comedy,Romance",United States,"English,Japanese",105.0
1009,Hop,2011,7+,5.4,25%,Tim Hill,"Animation,Adventure,Comedy,Family,Fantasy",United States,"English,Chinese,Spanish,French,Ukrainian",95.0
1015,Jim Gaffigan: Obsessed,2014,16+,7.6,100%,Jay Chapman,"Documentary,Comedy",United States,English,60.0
1020,The Heartbreak Kid,2007,18+,5.8,29%,"Bobby Farrelly,Peter Farrelly","Comedy,Romance",United States,"English,Spanish",116.0
1021,The Art of the Steal,2013,18+,6.3,44%,Jonathan Sobol,"Comedy,Crime,Thriller","Canada,United States","English,Spanish",90.0
1023,Holiday in the Wild,2019,7+,6.1,43%,Ernie Barbarash,"Comedy,Drama,Romance",United States,English,85.0
1026,For Love or Money,1993,7+,6.2,37%,Barry Sonnenfeld,"Comedy,Drama,Romance",United States,English,96.0
1027,The Package,2018,18+,5.5,50%,Jake Szymanski,"Comedy,Thriller",United States,English,94.0
1035,Tusk,2014,18+,5.3,45%,Kevin Smith,"Comedy,Drama,Horror",United States,English,102.0
1040,My Entire High School Sinking Into the Sea,2016,13+,6.0,85%,Dash Shaw,"Animation,Comedy,Drama",United States,English,75.0
1046,Tremors 3: Back to Perfection,2001,7+,5.3,67%,Brent Maddock,"Action,Comedy,Horror,Sci-Fi,Thriller",United States,English,104.0
1060,Adventures in Public School,2018,16+,5.8,71%,Kyle Rideout,Comedy,"Canada,United States","English,Spanish",86.0
1062,A Very Murray Christmas,2015,18+,5.5,71%,Sofia Coppola,"Comedy,Music,Musical",United States,English,56.0
1066,Dean,2016,13+,6.2,62%,Demetri Martin,"Comedy,Drama,Romance",United States,English,94.0
1072,Mindhorn,2016,18+,6.3,91%,Sean Foley,Comedy,United Kingdom,English,89.0
1073,WHAT DID JACK DO?,2017,16+,6.5,92%,David Lynch,"Short,Comedy,Crime,Drama,Fantasy,Music,Mystery,Thriller",United States,English,17.0
1098,Irreplaceable You,2018,18+,6.4,32%,Stephanie Laing,"Comedy,Drama,Romance",United States,English,96.0
1100,Barbecue,2017,7+,6.4,86%,Eric Lavaine,Comedy,France,French,98.0
1112,Drillbit Taylor,2008,13+,5.7,26%,Steven Brill,"Action,Comedy,Crime,Drama",United States,English,110.0
1118,I'll See You in My Dreams,2015,13+,6.7,80%,Brett Haley,"Comedy,Drama,Romance",United States,English,92.0
1121,It Takes Two,1995,7+,5.9,8%,Andy Tennant,"Comedy,Family,Romance",United States,English,101.0
1124,Cop Out,2010,18+,5.6,18%,Kevin Smith,"Action,Comedy,Crime,Thriller",United States,"English,Spanish",107.0
1135,Billu,2009,7+,6.2,60%,Priyadarshan,"Comedy,Drama",India,"Hindi,Awadhi",137.0
1144,The Do-Over,2016,18+,5.7,9%,Steven Brill,"Action,Adventure,Comedy,Mystery",United States,English,108.0
1157,5 Flights Up,2014,13+,6.2,46%,Richard Loncraine,"Comedy,Drama",United States,English,88.0
1160,Goon: Last of the Enforcers,2017,18+,5.8,43%,Jay Baruchel,"Comedy,Sport",Canada,English,101.0
1161,Life After Beth,2014,18+,5.6,44%,Jeff Baena,"Comedy,Fantasy,Horror,Romance",United States,English,89.0
1162,Take Me,2017,18+,6.1,67%,Pat Healy,"Comedy,Crime",United States,English,83.0
1166,Pete Davidson: Alive from New York,2020,18+,5.9,40%,Jason Orley,Comedy,United States,English,49.0
1181,The Warriors Gate,2016,13+,5.4,50%,Matthias Hoene,"Action,Adventure,Comedy,Family,Fantasy","France,Canada,China,Cambodia","English,Chinese,Khmer",108.0
1186,Luka Chuppi,2019,7+,6.3,33%,Laxman Utekar,"Comedy,Romance",India,Hindi,126.0
1192,Skiptrace,2016,13+,5.7,38%,Renny Harlin,"Action,Adventure,Comedy,Crime,Thriller","China,Hong Kong,United States","Mandarin,English,Mongolian",107.0
1197,Otherhood,2019,18+,6.0,29%,Cindy Chupack,Comedy,"United Kingdom,United States",English,100.0
1203,The Motive,2017,18+,6.5,63%,Manuel Martín Cuenca,"Comedy,Drama","Spain,Mexico","Spanish,English",112.0
1209,Ri¢hie Ri¢h,1994,7+,5.4,24%,Donald Petrie,"Comedy,Family",United States,"English,Latin",95.0
1225,Happy New Year,2014,all,5.0,47%,Garry Marshall,"Comedy,Romance",United States,English,118.0
1234,"Yours, Mine & Ours",2005,7+,5.5,6%,Raja Gosnell,"Comedy,Family,Fantasy,Romance",United States,English,88.0
1238,Wine Country,2019,18+,5.4,68%,Amy Poehler,Comedy,United States,English,103.0
1241,Barely Lethal,2015,13+,5.4,26%,Kyle Newman,"Action,Adventure,Comedy",United States,English,96.0
1269,Moonwalkers,2015,18+,6.1,42%,Antoine Bardou-Jacquet,"Action,Comedy","France,Belgium",English,107.0
1270,Imagine That,2009,7+,5.6,41%,Karey Kirkpatrick,"Comedy,Drama,Family,Fantasy","United States,Germany",English,107.0
1272,Bébé's Kids,1992,13+,5.8,30%,Bruce W. Smith,"Animation,Comedy,Fantasy,Musical",United States,English,70.0
1273,Patrick,2018,16+,5.8,36%,Mandie Fletcher,"Comedy,Family,Romance",United Kingdom,English,94.0
1279,Sleepover,2004,7+,5.3,15%,Joe Nussbaum,"Comedy,Family,Romance",United States,English,89.0
1282,Mascots,2016,18+,5.7,49%,Christopher Guest,Comedy,United States,English,89.0
1296,The Outcasts,2017,13+,5.5,50%,Peter Hutchings,Comedy,United States,English,95.0
1299,Tad the Lost Explorer and the Secret of King Midas,2017,7+,6.2,29%,"David Alonso,Enrique Gato","Animation,Adventure,Comedy,Family,Fantasy","Spain,United States","English,Spanish",85.0
1302,Major League II,1994,7+,5.6,5%,David S. Ward,"Comedy,Sport",United States,English,105.0
1308,Tarzan II,2005,all,5.6,33%,Brian Smith,"Animation,Adventure,Comedy,Family",United States,English,72.0
1315,Rugrats Go Wild,2003,7+,5.6,39%,"John Eng,Norton Virgien","Animation,Adventure,Comedy,Family,Fantasy,Musical",United States,English,80.0
1319,Yucatán,2018,7+,5.4,60%,Daniel Monzón,Comedy,Spain,"Spanish,Polish",129.0
1321,The Last Summer,2019,16+,5.6,17%,William Bindley,Comedy,United States,English,109.0
1330,A Haunted House,2013,18+,5.0,9%,Michael Tiddes,"Comedy,Fantasy",United States,"English,Spanish",86.0
1341,Anthony Jeselnik: Fire in the Maternity Ward,2019,18+,7.0,80%,Marcus Raboy,Comedy,United States,English,64.0
1342,"The Goods: Live Hard, Sell Hard",2009,18+,5.8,27%,Neal Brennan,Comedy,United States,English,89.0
1350,Sandy Wexler,2017,16+,5.1,27%,Steven Brill,Comedy,United States,English,130.0
1353,Sex and the City 2,2010,18+,4.5,16%,Michael Patrick King,"Comedy,Drama,Romance",United States,"English,Arabic",146.0
1362,Dilwale,2015,7+,5.2,21%,Rohit Shetty,"Action,Comedy,Drama,Romance",India,Hindi,158.0
1373,Ibiza,2018,18+,5.2,75%,Alex Richanbach,"Comedy,Romance",United States,English,94.0
1374,Jailbreak,2017,18+,5.4,70%,Jimmy Henderson,"Action,Comedy",Cambodia,"Khmer,English,French",92.0
1375,"Game Over, Man!",2018,18+,5.4,9%,Kyle Newacheck,"Action,Comedy",United States,English,101.0
1377,Love Wedding Repeat,2020,18+,5.5,21%,Dean Craig,Comedy,"Italy,United Kingdom",English,100.0
1391,The Cat in the Hat,2003,7+,3.9,9%,Bo Welch,"Adventure,Comedy,Family,Fantasy",United States,English,82.0
1397,Casa De Mi Padre,2012,18+,5.5,41%,Matt Piedmont,"Comedy,Western","United States,Mexico","Spanish,English",84.0
1406,The Longshots,2008,7+,5.4,41%,Fred Durst,"Biography,Comedy,Drama,Family,Sport",United States,English,94.0
1430,Ek Main Aur Ekk Tu,2012,7+,5.8,63%,Shakun Batra,"Comedy,Drama,Romance",India,Hindi,110.0
1432,Iron Sky The Coming Race,2019,18+,5.0,29%,Timo Vuorensola,"Action,Adventure,Comedy,Sci-Fi","Finland,Germany,Belgium","English,German",90.0
1443,Soul Plane,2004,18+,4.5,18%,Jessy Terrero,Comedy,United States,"English,Spanish",86.0
1449,She Hate Me,2004,18+,5.3,19%,Spike Lee,"Comedy,Drama",United States,"English,German,Spanish",138.0
1452,The Week Of,2018,13+,5.1,27%,Robert Smigel,Comedy,United States,English,116.0
1482,Hope Springs Eternal,2018,7+,4.7,88%,Jack C. Newell,"Comedy,Drama",United States,English,78.0
1484,Where the Money Is,2000,13+,6.2,47%,Marek Kanievska,"Drama,Comedy,Crime","Germany,United States,United Kingdom,Canada",English,89.0
1485,Mubarakan,2017,13+,5.6,43%,Anees Bazmee,"Comedy,Romance",India,Hindi,156.0
1487,Tall Girl,2019,7+,5.2,44%,Nzingha Stewart,Comedy,United States,English,101.0
1497,Tremors: A Cold Day in Hell,2018,13+,5.0,40%,Don Michael Paul,"Action,Adventure,Comedy,Horror,Sci-Fi,Thriller","United States,South Africa",English,98.0
1503,Step Sisters,2018,13+,5.4,22%,Charles Stone III,Comedy,United States,English,108.0
1507,Speech & Debate,2017,13+,5.9,55%,Dan Harris,"Comedy,Drama",United States,English,105.0
1526,Martin Lawrence Live: Runteldat,2002,18+,5.4,39%,David Raynr,"Documentary,Comedy",United States,English,113.0
1540,Mo' Money,1992,18+,5.5,16%,Peter MacDonald,"Action,Comedy,Crime,Romance,Thriller",United States,English,89.0
1542,Special Correspondents,2016,13+,5.8,18%,Ricky Gervais,Comedy,"Canada,United Kingdom,United States","English,Spanish",101.0
1561,Snow Day,2000,7+,5.1,29%,Chris Koch,"Adventure,Comedy,Family",United States,English,89.0
1572,El Camino Christmas,2017,18+,5.7,40%,David E. Talbert,"Comedy,Crime,Western",United States,English,89.0
1597,Swearnet: The Movie,2014,18+,5.9,20%,Warren P. Sonoda,Comedy,Canada,English,112.0
1598,DragonHeart: A New Beginning,2000,7+,4.5,40%,Doug Lefler,"Action,Adventure,Comedy,Family,Fantasy",United States,English,84.0
1605,Tales from the Hood 2,2018,18+,4.4,75%,"Rusty Cundieff,Darin Scott","Comedy,Horror",United States,English,111.0
1613,Social Animals,2018,18+,5.2,38%,Theresa Bennett,Comedy,United States,English,90.0
1617,Fun Mom Dinner,2017,18+,5.2,33%,Alethea Jones,Comedy,United States,English,81.0
1652,Screwed,2000,18+,5.8,13%,"Scott Alexander,Larry Karaszewski","Comedy,Crime",United States,English,81.0
1666,Puerto Ricans in Paris,2015,18+,5.3,36%,Ian Edelman,Comedy,United States,English,82.0
1672,Arctic Dogs,2019,7+,4.5,13%,Aaron Woodley,"Animation,Adventure,Comedy,Family","India,United Kingdom,China,Canada,Japan,South Korea,United States","English,Korean",92.0
1681,Cats & Dogs: The Revenge of Kitty Galore,2010,7+,4.3,13%,Brad Peyton,"Action,Comedy,Family,Fantasy","United States,Australia",English,82.0
1705,Some Kind of Beautiful,2015,18+,5.7,6%,Tom Vaughan,"Comedy,Romance","United States,United Kingdom",English,99.0
1720,The Legacy of a Whitetail Deer Hunter,2018,16+,5.5,32%,Jody Hill,"Comedy,Drama",United States,English,83.0
1721,Shorts,2009,7+,4.7,46%,Robert Rodriguez,"Comedy,Family,Fantasy","United States,United Arab Emirates",English,89.0
1722,Rim of the World,2019,7+,5.1,30%,McG,"Action,Adventure,Comedy,Sci-Fi",United States,"English,Chinese",98.0
1741,Ready to Mingle,2019,18+,5.9,44%,Luis Javier Henaine,Comedy,Mexico,Spanish,95.0
1752,Spy Kids: All the Time in the World,2011,7+,3.5,22%,Robert Rodriguez,"Action,Adventure,Comedy,Family,Sci-Fi",United States,English,89.0
1811,Girlfriend's Day,2017,18+,5.2,43%,Michael Paul Stephenson,"Comedy,Drama",United States,English,65.0
1815,All I Wish,2018,18+,5.1,18%,Susan Walter,"Comedy,Drama,Romance",United States,English,94.0
1817,I Don't Know How She Does It,2011,13+,4.9,17%,Douglas McGrath,"Comedy,Romance",United States,English,89.0
1858,Hoodwinked Too! Hood VS. Evil,2011,7+,4.7,11%,Mike Disa,"Animation,Comedy,Crime,Family,Mystery",United States,English,86.0
1910,Don Verdean,2015,13+,5.4,29%,Jared Hess,"Adventure,Comedy,Drama",United States,English,90.0
1930,The Love Guru,2008,13+,3.8,14%,Marco Schnabel,"Comedy,Romance,Sport","United Kingdom,Germany,United States",English,87.0
1933,The Clapper,2018,18+,5.1,23%,Dito Montiel,"Comedy,Drama",United States,English,89.0
1974,Judwaa 2,2017,16+,3.8,36%,David Dhawan,"Action,Comedy",India,Hindi,145.0
2044,Zoom,2006,7+,4.4,3%,Peter Hewitt,"Action,Adventure,Comedy,Family,Fantasy,Sci-Fi",United States,English,93.0
2121,Judy Moody and the Not Bummer Summer,2011,7+,4.2,20%,John Schultz,"Comedy,Family",United States,English,91.0
2144,Woody Woodpecker,2017,7+,4.1,13%,Alex Zamm,"Comedy,Family",United States,English,91.0
2180,Deep,2017,7+,4.1,33%,Julio Soto Gurpide,"Animation,Adventure,Comedy,Family","Spain,Belgium,Switzerland,United States,China,United Kingdom",English,92.0
2182,Krystal,2018,18+,5.4,10%,William H. Macy,"Comedy,Drama",United States,English,90.0
2214,Happy Family,2017,7+,4.8,10%,Holger Tappe,"Animation,Comedy,Family,Horror","Germany,United Kingdom","English,German",93.0
2347,A Glimpse Inside the Mind of Charles Swan III,2012,18+,4.8,16%,Roman Coppola,Comedy,United States,"English,Russian,Spanish",86.0
2372,Dance Flick,2009,13+,3.5,18%,Damien Dante Wayans,"Action,Comedy,Music",United States,English,83.0
2473,Poster Boys,2017,13+,5.5,33%,Shreyas Talpade,Comedy,India,Hindi,128.0
2479,Sextuplets,2019,16+,4.4,14%,Michael Tiddes,Comedy,United States,English,97.0
